liquibase_pickup_districts_import_system_id,liquibase_trash_types_import_system_id,date

HUECKTWO,HUEREGRA,2024-01-02
HUECKTWO,HUEREGRA,2024-01-29
HUECKTWO,HUEREGRA,2024-02-26
HUECKTWO,HUEREGRA,2024-03-25
HUECKTWO,HUEREGRA,2024-04-22
HUECKTWO,HUEREGRA,2024-05-21
HUECKTWO,HUEREGRA,2024-06-17
HUECKTWO,HUEREGRA,2024-07-15
HUECKTWO,HUEREGRA,2024-08-12
HUECKTWO,HUEREGRA,2024-09-09
HUECKTWO,HUEREGRA,2024-10-07
HUECKTWO,HUEREGRA,2024-11-04
HUECKTWO,HUEREGRA,2024-12-02
HUECKTWO,HUEREGRA,2024-12-30

HUECKONE,HUEREGRA,2024-01-02
HUECKONE,HUEREGRA,2024-01-29
HUECKONE,HUEREGRA,2024-02-26
HUECKONE,HUEREGRA,2024-03-25
HUECKONE,HUEREGRA,2024-04-22
HUECKONE,HUEREGRA,2024-05-21
HUECKONE,HUEREGRA,2024-06-17
HUECKONE,HUEREGRA,2024-07-15
HUECKONE,HUEREGRA,2024-08-12
HUECKONE,HUEREGRA,2024-09-09
HUECKONE,HUEREGRA,2024-10-07
HUECKONE,HUEREGRA,2024-11-04
HUECKONE,HUEREGRA,2024-12-02
HUECKONE,HUEREGRA,2024-12-30

HUECKTHR,HUEREGRA,2024-01-02
HUECKTHR,HUEREGRA,2024-01-29
HUECKTHR,HUEREGRA,2024-02-26
HUECKTHR,HUEREGRA,2024-03-25
HUECKTHR,HUEREGRA,2024-04-22
HUECKTHR,HUEREGRA,2024-05-21
HUECKTHR,HUEREGRA,2024-06-17
HUECKTHR,HUEREGRA,2024-07-15
HUECKTHR,HUEREGRA,2024-08-12
HUECKTHR,HUEREGRA,2024-09-09
HUECKTHR,HUEREGRA,2024-10-07
HUECKTHR,HUEREGRA,2024-11-04
HUECKTHR,HUEREGRA,2024-12-02
HUECKTHR,HUEREGRA,2024-12-30

HUECKFOU,HUEREGRA,2024-01-02
HUECKFOU,HUEREGRA,2024-01-29
HUECKFOU,HUEREGRA,2024-02-26
HUECKFOU,HUEREGRA,2024-03-25
HUECKFOU,HUEREGRA,2024-04-22
HUECKFOU,HUEREGRA,2024-05-21
HUECKFOU,HUEREGRA,2024-06-17
HUECKFOU,HUEREGRA,2024-07-15
HUECKFOU,HUEREGRA,2024-08-12
HUECKFOU,HUEREGRA,2024-09-09
HUECKFOU,HUEREGRA,2024-10-07
HUECKFOU,HUEREGRA,2024-11-04
HUECKFOU,HUEREGRA,2024-12-02
HUECKFOU,HUEREGRA,2024-12-30

HUECKFIV,HUEREGRA,2024-01-02
HUECKFIV,HUEREGRA,2024-01-29
HUECKFIV,HUEREGRA,2024-02-26
HUECKFIV,HUEREGRA,2024-03-25
HUECKFIV,HUEREGRA,2024-04-22
HUECKFIV,HUEREGRA,2024-05-21
HUECKFIV,HUEREGRA,2024-06-17
HUECKFIV,HUEREGRA,2024-07-15
HUECKFIV,HUEREGRA,2024-08-12
HUECKFIV,HUEREGRA,2024-09-09
HUECKFIV,HUEREGRA,2024-10-07
HUECKFIV,HUEREGRA,2024-11-04
HUECKFIV,HUEREGRA,2024-12-02
HUECKFIV,HUEREGRA,2024-12-30

HUECKSIX,HUEREGRA,2024-01-02
HUECKSIX,HUEREGRA,2024-01-29
HUECKSIX,HUEREGRA,2024-02-26
HUECKSIX,HUEREGRA,2024-03-25
HUECKSIX,HUEREGRA,2024-04-22
HUECKSIX,HUEREGRA,2024-05-21
HUECKSIX,HUEREGRA,2024-06-17
HUECKSIX,HUEREGRA,2024-07-15
HUECKSIX,HUEREGRA,2024-08-12
HUECKSIX,HUEREGRA,2024-09-09
HUECKSIX,HUEREGRA,2024-10-07
HUECKSIX,HUEREGRA,2024-11-04
HUECKSIX,HUEREGRA,2024-12-02
HUECKSIX,HUEREGRA,2024-12-30

HUECKONE,HUERERED,2024-01-01
HUECKONE,HUERERED,2024-01-29
HUECKONE,HUERERED,2024-01-15
HUECKONE,HUERERED,2024-02-13
HUECKONE,HUERERED,2024-03-11
HUECKONE,HUERERED,2024-04-08
HUECKONE,HUERERED,2024-05-06
HUECKONE,HUERERED,2024-06-03
HUECKONE,HUERERED,2024-07-01
HUECKONE,HUERERED,2024-07-29
HUECKONE,HUERERED,2024-08-26
HUECKONE,HUERERED,2024-09-23
HUECKONE,HUERERED,2024-10-21
HUECKONE,HUERERED,2024-11-18
HUECKONE,HUERERED,2024-12-16

HUECKTWO,HUERERED,2024-01-01
HUECKTWO,HUERERED,2024-01-29
HUECKTWO,HUERERED,2024-01-15
HUECKTWO,HUERERED,2024-02-13
HUECKTWO,HUERERED,2024-03-11
HUECKTWO,HUERERED,2024-04-08
HUECKTWO,HUERERED,2024-05-06
HUECKTWO,HUERERED,2024-06-03
HUECKTWO,HUERERED,2024-07-01
HUECKTWO,HUERERED,2024-07-29
HUECKTWO,HUERERED,2024-08-26
HUECKTWO,HUERERED,2024-09-23
HUECKTWO,HUERERED,2024-10-21
HUECKTWO,HUERERED,2024-11-18
HUECKTWO,HUERERED,2024-12-16

HUECKTHR,HUERERED,2024-01-01
HUECKTHR,HUERERED,2024-01-29
HUECKTHR,HUERERED,2024-01-15
HUECKTHR,HUERERED,2024-02-13
HUECKTHR,HUERERED,2024-03-11
HUECKTHR,HUERERED,2024-04-08
HUECKTHR,HUERERED,2024-05-06
HUECKTHR,HUERERED,2024-06-03
HUECKTHR,HUERERED,2024-07-01
HUECKTHR,HUERERED,2024-07-29
HUECKTHR,HUERERED,2024-08-26
HUECKTHR,HUERERED,2024-09-23
HUECKTHR,HUERERED,2024-10-21
HUECKTHR,HUERERED,2024-11-18
HUECKTHR,HUERERED,2024-12-16

HUECKFOU,HUERERED,2024-01-01
HUECKFOU,HUERERED,2024-01-29
HUECKFOU,HUERERED,2024-01-15
HUECKFOU,HUERERED,2024-02-13
HUECKFOU,HUERERED,2024-03-11
HUECKFOU,HUERERED,2024-04-08
HUECKFOU,HUERERED,2024-05-06
HUECKFOU,HUERERED,2024-06-03
HUECKFOU,HUERERED,2024-07-01
HUECKFOU,HUERERED,2024-07-29
HUECKFOU,HUERERED,2024-08-26
HUECKFOU,HUERERED,2024-09-23
HUECKFOU,HUERERED,2024-10-21
HUECKFOU,HUERERED,2024-11-18
HUECKFOU,HUERERED,2024-12-16

HUECKFIV,HUERERED,2024-01-01
HUECKFIV,HUERERED,2024-01-29
HUECKFIV,HUERERED,2024-01-15
HUECKFIV,HUERERED,2024-02-13
HUECKFIV,HUERERED,2024-03-11
HUECKFIV,HUERERED,2024-04-08
HUECKFIV,HUERERED,2024-05-06
HUECKFIV,HUERERED,2024-06-03
HUECKFIV,HUERERED,2024-07-01
HUECKFIV,HUERERED,2024-07-29
HUECKFIV,HUERERED,2024-08-26
HUECKFIV,HUERERED,2024-09-23
HUECKFIV,HUERERED,2024-10-21
HUECKFIV,HUERERED,2024-11-18
HUECKFIV,HUERERED,2024-12-16

HUECKSIX,HUERERED,2024-01-01
HUECKSIX,HUERERED,2024-01-29
HUECKSIX,HUERERED,2024-01-15
HUECKSIX,HUERERED,2024-02-13
HUECKSIX,HUERERED,2024-03-11
HUECKSIX,HUERERED,2024-04-08
HUECKSIX,HUERERED,2024-05-06
HUECKSIX,HUERERED,2024-06-03
HUECKSIX,HUERERED,2024-07-01
HUECKSIX,HUERERED,2024-07-29
HUECKSIX,HUERERED,2024-08-26
HUECKSIX,HUERERED,2024-09-23
HUECKSIX,HUERERED,2024-10-21
HUECKSIX,HUERERED,2024-11-18
HUECKSIX,HUERERED,2024-12-16

HUECKONE,HUEREORA,2024-01-08
HUECKONE,HUEREORA,2024-01-22
HUECKONE,HUEREORA,2024-02-05
HUECKONE,HUEREORA,2024-02-19
HUECKONE,HUEREORA,2024-03-04
HUECKONE,HUEREORA,2024-03-18
HUECKONE,HUEREORA,2024-04-02
HUECKONE,HUEREORA,2024-04-15
HUECKONE,HUEREORA,2024-05-13
HUECKONE,HUEREORA,2024-05-27
HUECKONE,HUEREORA,2024-06-10
HUECKONE,HUEREORA,2024-06-24
HUECKONE,HUEREORA,2024-07-08
HUECKONE,HUEREORA,2024-07-22
HUECKONE,HUEREORA,2024-08-05
HUECKONE,HUEREORA,2024-08-19
HUECKONE,HUEREORA,2024-09-02
HUECKONE,HUEREORA,2024-09-16
HUECKONE,HUEREORA,2024-09-30
HUECKONE,HUEREORA,2024-10-14
HUECKONE,HUEREORA,2024-10-28
HUECKONE,HUEREORA,2024-11-11
HUECKONE,HUEREORA,2024-11-25
HUECKONE,HUEREORA,2024-12-09
HUECKONE,HUEREORA,2024-12-21

HUECKTWO,HUEREORA,2024-01-08
HUECKTWO,HUEREORA,2024-01-22
HUECKTWO,HUEREORA,2024-02-05
HUECKTWO,HUEREORA,2024-02-19
HUECKTWO,HUEREORA,2024-03-04
HUECKTWO,HUEREORA,2024-03-18
HUECKTWO,HUEREORA,2024-04-02
HUECKTWO,HUEREORA,2024-04-15
HUECKTWO,HUEREORA,2024-05-13
HUECKTWO,HUEREORA,2024-05-27
HUECKTWO,HUEREORA,2024-06-10
HUECKTWO,HUEREORA,2024-06-24
HUECKTWO,HUEREORA,2024-07-08
HUECKTWO,HUEREORA,2024-07-22
HUECKTWO,HUEREORA,2024-08-05
HUECKTWO,HUEREORA,2024-08-19
HUECKTWO,HUEREORA,2024-09-02
HUECKTWO,HUEREORA,2024-09-16
HUECKTWO,HUEREORA,2024-09-30
HUECKTWO,HUEREORA,2024-10-14
HUECKTWO,HUEREORA,2024-10-28
HUECKTWO,HUEREORA,2024-11-11
HUECKTWO,HUEREORA,2024-11-25
HUECKTWO,HUEREORA,2024-12-09
HUECKTWO,HUEREORA,2024-12-21

HUECKTHR,HUEREORA,2024-01-08
HUECKTHR,HUEREORA,2024-01-22
HUECKTHR,HUEREORA,2024-02-05
HUECKTHR,HUEREORA,2024-02-19
HUECKTHR,HUEREORA,2024-03-04
HUECKTHR,HUEREORA,2024-03-18
HUECKTHR,HUEREORA,2024-04-02
HUECKTHR,HUEREORA,2024-04-15
HUECKTHR,HUEREORA,2024-05-13
HUECKTHR,HUEREORA,2024-05-27
HUECKTHR,HUEREORA,2024-06-10
HUECKTHR,HUEREORA,2024-06-24
HUECKTHR,HUEREORA,2024-07-08
HUECKTHR,HUEREORA,2024-07-22
HUECKTHR,HUEREORA,2024-08-05
HUECKTHR,HUEREORA,2024-08-19
HUECKTHR,HUEREORA,2024-09-02
HUECKTHR,HUEREORA,2024-09-16
HUECKTHR,HUEREORA,2024-09-30
HUECKTHR,HUEREORA,2024-10-14
HUECKTHR,HUEREORA,2024-10-28
HUECKTHR,HUEREORA,2024-11-11
HUECKTHR,HUEREORA,2024-11-25
HUECKTHR,HUEREORA,2024-12-09
HUECKTHR,HUEREORA,2024-12-21

HUECKFOU,HUEREORA,2024-01-08
HUECKFOU,HUEREORA,2024-01-22
HUECKFOU,HUEREORA,2024-02-05
HUECKFOU,HUEREORA,2024-02-19
HUECKFOU,HUEREORA,2024-03-04
HUECKFOU,HUEREORA,2024-03-18
HUECKFOU,HUEREORA,2024-04-02
HUECKFOU,HUEREORA,2024-04-15
HUECKFOU,HUEREORA,2024-05-13
HUECKFOU,HUEREORA,2024-05-27
HUECKFOU,HUEREORA,2024-06-10
HUECKFOU,HUEREORA,2024-06-24
HUECKFOU,HUEREORA,2024-07-08
HUECKFOU,HUEREORA,2024-07-22
HUECKFOU,HUEREORA,2024-08-05
HUECKFOU,HUEREORA,2024-08-19
HUECKFOU,HUEREORA,2024-09-02
HUECKFOU,HUEREORA,2024-09-16
HUECKFOU,HUEREORA,2024-09-30
HUECKFOU,HUEREORA,2024-10-14
HUECKFOU,HUEREORA,2024-10-28
HUECKFOU,HUEREORA,2024-11-11
HUECKFOU,HUEREORA,2024-11-25
HUECKFOU,HUEREORA,2024-12-09
HUECKFOU,HUEREORA,2024-12-21

HUECKFIV,HUEREORA,2024-01-08
HUECKFIV,HUEREORA,2024-01-22
HUECKFIV,HUEREORA,2024-02-05
HUECKFIV,HUEREORA,2024-02-19
HUECKFIV,HUEREORA,2024-03-04
HUECKFIV,HUEREORA,2024-03-18
HUECKFIV,HUEREORA,2024-04-02
HUECKFIV,HUEREORA,2024-04-15
HUECKFIV,HUEREORA,2024-05-13
HUECKFIV,HUEREORA,2024-05-27
HUECKFIV,HUEREORA,2024-06-10
HUECKFIV,HUEREORA,2024-06-24
HUECKFIV,HUEREORA,2024-07-08
HUECKFIV,HUEREORA,2024-07-22
HUECKFIV,HUEREORA,2024-08-05
HUECKFIV,HUEREORA,2024-08-19
HUECKFIV,HUEREORA,2024-09-02
HUECKFIV,HUEREORA,2024-09-16
HUECKFIV,HUEREORA,2024-09-30
HUECKFIV,HUEREORA,2024-10-14
HUECKFIV,HUEREORA,2024-10-28
HUECKFIV,HUEREORA,2024-11-11
HUECKFIV,HUEREORA,2024-11-25
HUECKFIV,HUEREORA,2024-12-09
HUECKFIV,HUEREORA,2024-12-21

HUECKSIX,HUEREORA,2024-01-08
HUECKSIX,HUEREORA,2024-01-22
HUECKSIX,HUEREORA,2024-02-05
HUECKSIX,HUEREORA,2024-02-19
HUECKSIX,HUEREORA,2024-03-04
HUECKSIX,HUEREORA,2024-03-18
HUECKSIX,HUEREORA,2024-04-02
HUECKSIX,HUEREORA,2024-04-15
HUECKSIX,HUEREORA,2024-05-13
HUECKSIX,HUEREORA,2024-05-27
HUECKSIX,HUEREORA,2024-06-10
HUECKSIX,HUEREORA,2024-06-24
HUECKSIX,HUEREORA,2024-07-08
HUECKSIX,HUEREORA,2024-07-22
HUECKSIX,HUEREORA,2024-08-05
HUECKSIX,HUEREORA,2024-08-19
HUECKSIX,HUEREORA,2024-09-02
HUECKSIX,HUEREORA,2024-09-16
HUECKSIX,HUEREORA,2024-09-30
HUECKSIX,HUEREORA,2024-10-14
HUECKSIX,HUEREORA,2024-10-28
HUECKSIX,HUEREORA,2024-11-11
HUECKSIX,HUEREORA,2024-11-25
HUECKSIX,HUEREORA,2024-12-09
HUECKSIX,HUEREORA,2024-12-21

HUECKONE,HUEBIBRO,2024-01-10
HUECKONE,HUEBIBRO,2024-01-24
HUECKONE,HUEBIBRO,2024-02-07
HUECKONE,HUEBIBRO,2024-02-21
HUECKONE,HUEBIBRO,2024-03-06
HUECKONE,HUEBIBRO,2024-03-20
HUECKONE,HUEBIBRO,2024-04-04
HUECKONE,HUEBIBRO,2024-04-17
HUECKONE,HUEBIBRO,2024-05-02
HUECKONE,HUEBIBRO,2024-05-15
HUECKONE,HUEBIBRO,2024-05-29
HUECKONE,HUEBIBRO,2024-06-12
HUECKONE,HUEBIBRO,2024-06-26
HUECKONE,HUEBIBRO,2024-07-10
HUECKONE,HUEBIBRO,2024-07-24
HUECKONE,HUEBIBRO,2024-08-07
HUECKONE,HUEBIBRO,2024-08-21
HUECKONE,HUEBIBRO,2024-09-04
HUECKONE,HUEBIBRO,2024-09-18
HUECKONE,HUEBIBRO,2024-10-02
HUECKONE,HUEBIBRO,2024-10-16
HUECKONE,HUEBIBRO,2024-10-30
HUECKONE,HUEBIBRO,2024-11-13
HUECKONE,HUEBIBRO,2024-11-27
HUECKONE,HUEBIBRO,2024-12-11
HUECKONE,HUEBIBRO,2024-12-24

HUECKTWO,HUEBIBRO,2024-01-10
HUECKTWO,HUEBIBRO,2024-01-24
HUECKTWO,HUEBIBRO,2024-02-07
HUECKTWO,HUEBIBRO,2024-02-21
HUECKTWO,HUEBIBRO,2024-03-06
HUECKTWO,HUEBIBRO,2024-03-20
HUECKTWO,HUEBIBRO,2024-04-04
HUECKTWO,HUEBIBRO,2024-04-17
HUECKTWO,HUEBIBRO,2024-05-02
HUECKTWO,HUEBIBRO,2024-05-15
HUECKTWO,HUEBIBRO,2024-05-29
HUECKTWO,HUEBIBRO,2024-06-12
HUECKTWO,HUEBIBRO,2024-06-26
HUECKTWO,HUEBIBRO,2024-07-10
HUECKTWO,HUEBIBRO,2024-07-24
HUECKTWO,HUEBIBRO,2024-08-07
HUECKTWO,HUEBIBRO,2024-08-21
HUECKTWO,HUEBIBRO,2024-09-04
HUECKTWO,HUEBIBRO,2024-09-18
HUECKTWO,HUEBIBRO,2024-10-02
HUECKTWO,HUEBIBRO,2024-10-16
HUECKTWO,HUEBIBRO,2024-10-30
HUECKTWO,HUEBIBRO,2024-11-13
HUECKTWO,HUEBIBRO,2024-11-27
HUECKTWO,HUEBIBRO,2024-12-11
HUECKTWO,HUEBIBRO,2024-12-24

HUECKTHR,HUEBIBRO,2024-01-10
HUECKTHR,HUEBIBRO,2024-01-24
HUECKTHR,HUEBIBRO,2024-02-07
HUECKTHR,HUEBIBRO,2024-02-21
HUECKTHR,HUEBIBRO,2024-03-06
HUECKTHR,HUEBIBRO,2024-03-20
HUECKTHR,HUEBIBRO,2024-04-04
HUECKTHR,HUEBIBRO,2024-04-17
HUECKTHR,HUEBIBRO,2024-05-02
HUECKTHR,HUEBIBRO,2024-05-15
HUECKTHR,HUEBIBRO,2024-05-29
HUECKTHR,HUEBIBRO,2024-06-12
HUECKTHR,HUEBIBRO,2024-06-26
HUECKTHR,HUEBIBRO,2024-07-10
HUECKTHR,HUEBIBRO,2024-07-24
HUECKTHR,HUEBIBRO,2024-08-07
HUECKTHR,HUEBIBRO,2024-08-21
HUECKTHR,HUEBIBRO,2024-09-04
HUECKTHR,HUEBIBRO,2024-09-18
HUECKTHR,HUEBIBRO,2024-10-02
HUECKTHR,HUEBIBRO,2024-10-16
HUECKTHR,HUEBIBRO,2024-10-30
HUECKTHR,HUEBIBRO,2024-11-13
HUECKTHR,HUEBIBRO,2024-11-27
HUECKTHR,HUEBIBRO,2024-12-11
HUECKTHR,HUEBIBRO,2024-12-24

HUECKFOU,HUEBIBRO,2024-01-10
HUECKFOU,HUEBIBRO,2024-01-24
HUECKFOU,HUEBIBRO,2024-02-07
HUECKFOU,HUEBIBRO,2024-02-21
HUECKFOU,HUEBIBRO,2024-03-06
HUECKFOU,HUEBIBRO,2024-03-20
HUECKFOU,HUEBIBRO,2024-04-04
HUECKFOU,HUEBIBRO,2024-04-17
HUECKFOU,HUEBIBRO,2024-05-02
HUECKFOU,HUEBIBRO,2024-05-15
HUECKFOU,HUEBIBRO,2024-05-29
HUECKFOU,HUEBIBRO,2024-06-12
HUECKFOU,HUEBIBRO,2024-06-26
HUECKFOU,HUEBIBRO,2024-07-10
HUECKFOU,HUEBIBRO,2024-07-24
HUECKFOU,HUEBIBRO,2024-08-07
HUECKFOU,HUEBIBRO,2024-08-21
HUECKFOU,HUEBIBRO,2024-09-04
HUECKFOU,HUEBIBRO,2024-09-18
HUECKFOU,HUEBIBRO,2024-10-02
HUECKFOU,HUEBIBRO,2024-10-16
HUECKFOU,HUEBIBRO,2024-10-30
HUECKFOU,HUEBIBRO,2024-11-13
HUECKFOU,HUEBIBRO,2024-11-27
HUECKFOU,HUEBIBRO,2024-12-11
HUECKFOU,HUEBIBRO,2024-12-24

HUECKFIV,HUEBIBRO,2024-01-10
HUECKFIV,HUEBIBRO,2024-01-24
HUECKFIV,HUEBIBRO,2024-02-07
HUECKFIV,HUEBIBRO,2024-02-21
HUECKFIV,HUEBIBRO,2024-03-06
HUECKFIV,HUEBIBRO,2024-03-20
HUECKFIV,HUEBIBRO,2024-04-04
HUECKFIV,HUEBIBRO,2024-04-17
HUECKFIV,HUEBIBRO,2024-05-02
HUECKFIV,HUEBIBRO,2024-05-15
HUECKFIV,HUEBIBRO,2024-05-29
HUECKFIV,HUEBIBRO,2024-06-12
HUECKFIV,HUEBIBRO,2024-06-26
HUECKFIV,HUEBIBRO,2024-07-10
HUECKFIV,HUEBIBRO,2024-07-24
HUECKFIV,HUEBIBRO,2024-08-07
HUECKFIV,HUEBIBRO,2024-08-21
HUECKFIV,HUEBIBRO,2024-09-04
HUECKFIV,HUEBIBRO,2024-09-18
HUECKFIV,HUEBIBRO,2024-10-02
HUECKFIV,HUEBIBRO,2024-10-16
HUECKFIV,HUEBIBRO,2024-10-30
HUECKFIV,HUEBIBRO,2024-11-13
HUECKFIV,HUEBIBRO,2024-11-27
HUECKFIV,HUEBIBRO,2024-12-11
HUECKFIV,HUEBIBRO,2024-12-24

HUECKSIX,HUEBIBRO,2024-01-10
HUECKSIX,HUEBIBRO,2024-01-24
HUECKSIX,HUEBIBRO,2024-02-07
HUECKSIX,HUEBIBRO,2024-02-21
HUECKSIX,HUEBIBRO,2024-03-06
HUECKSIX,HUEBIBRO,2024-03-20
HUECKSIX,HUEBIBRO,2024-04-04
HUECKSIX,HUEBIBRO,2024-04-17
HUECKSIX,HUEBIBRO,2024-05-02
HUECKSIX,HUEBIBRO,2024-05-15
HUECKSIX,HUEBIBRO,2024-05-29
HUECKSIX,HUEBIBRO,2024-06-12
HUECKSIX,HUEBIBRO,2024-06-26
HUECKSIX,HUEBIBRO,2024-07-10
HUECKSIX,HUEBIBRO,2024-07-24
HUECKSIX,HUEBIBRO,2024-08-07
HUECKSIX,HUEBIBRO,2024-08-21
HUECKSIX,HUEBIBRO,2024-09-04
HUECKSIX,HUEBIBRO,2024-09-18
HUECKSIX,HUEBIBRO,2024-10-02
HUECKSIX,HUEBIBRO,2024-10-16
HUECKSIX,HUEBIBRO,2024-10-30
HUECKSIX,HUEBIBRO,2024-11-13
HUECKSIX,HUEBIBRO,2024-11-27
HUECKSIX,HUEBIBRO,2024-12-11
HUECKSIX,HUEBIBRO,2024-12-24

HUECKONE,HUEPABLU,2024-01-02
HUECKONE,HUEPABLU,2024-01-29
HUECKONE,HUEPABLU,2024-02-26
HUECKONE,HUEPABLU,2024-03-25
HUECKONE,HUEPABLU,2024-04-22
HUECKONE,HUEPABLU,2024-05-21
HUECKONE,HUEPABLU,2024-06-17
HUECKONE,HUEPABLU,2024-07-15
HUECKONE,HUEPABLU,2024-08-12
HUECKONE,HUEPABLU,2024-09-09
HUECKONE,HUEPABLU,2024-10-07
HUECKONE,HUEPABLU,2024-11-04
HUECKONE,HUEPABLU,2024-12-02
HUECKONE,HUEPABLU,2024-12-30

HUECKTHR,HUEPABLU,2024-01-02
HUECKTHR,HUEPABLU,2024-01-29
HUECKTHR,HUEPABLU,2024-02-26
HUECKTHR,HUEPABLU,2024-03-25
HUECKTHR,HUEPABLU,2024-04-22
HUECKTHR,HUEPABLU,2024-05-21
HUECKTHR,HUEPABLU,2024-06-17
HUECKTHR,HUEPABLU,2024-07-15
HUECKTHR,HUEPABLU,2024-08-12
HUECKTHR,HUEPABLU,2024-09-09
HUECKTHR,HUEPABLU,2024-10-07
HUECKTHR,HUEPABLU,2024-11-04
HUECKTHR,HUEPABLU,2024-12-02
HUECKTHR,HUEPABLU,2024-12-30

HUECKTWO,HUEPABLU,2024-01-15
HUECKTWO,HUEPABLU,2024-02-13
HUECKTWO,HUEPABLU,2024-03-11
HUECKTWO,HUEPABLU,2024-04-08
HUECKTWO,HUEPABLU,2024-05-06
HUECKTWO,HUEPABLU,2024-06-03
HUECKTWO,HUEPABLU,2024-07-01
HUECKTWO,HUEPABLU,2024-07-29
HUECKTWO,HUEPABLU,2024-08-26
HUECKTWO,HUEPABLU,2024-09-23
HUECKTWO,HUEPABLU,2024-10-21
HUECKTWO,HUEPABLU,2024-11-18
HUECKTWO,HUEPABLU,2024-12-16

HUECKFOU,HUEPABLU,2024-01-15
HUECKFOU,HUEPABLU,2024-02-13
HUECKFOU,HUEPABLU,2024-03-11
HUECKFOU,HUEPABLU,2024-04-08
HUECKFOU,HUEPABLU,2024-05-06
HUECKFOU,HUEPABLU,2024-06-03
HUECKFOU,HUEPABLU,2024-07-01
HUECKFOU,HUEPABLU,2024-07-29
HUECKFOU,HUEPABLU,2024-08-26
HUECKFOU,HUEPABLU,2024-09-23
HUECKFOU,HUEPABLU,2024-10-21
HUECKFOU,HUEPABLU,2024-11-18
HUECKFOU,HUEPABLU,2024-12-16

HUECKFIV,HUEPABLU,2024-01-15
HUECKFIV,HUEPABLU,2024-02-13
HUECKFIV,HUEPABLU,2024-03-11
HUECKFIV,HUEPABLU,2024-04-08
HUECKFIV,HUEPABLU,2024-05-06
HUECKFIV,HUEPABLU,2024-06-03
HUECKFIV,HUEPABLU,2024-07-01
HUECKFIV,HUEPABLU,2024-07-29
HUECKFIV,HUEPABLU,2024-08-26
HUECKFIV,HUEPABLU,2024-09-23
HUECKFIV,HUEPABLU,2024-10-21
HUECKFIV,HUEPABLU,2024-11-18
HUECKFIV,HUEPABLU,2024-12-16

HUECKSIX,HUEPABLU,2024-01-15
HUECKSIX,HUEPABLU,2024-02-13
HUECKSIX,HUEPABLU,2024-03-11
HUECKSIX,HUEPABLU,2024-04-08
HUECKSIX,HUEPABLU,2024-05-06
HUECKSIX,HUEPABLU,2024-06-03
HUECKSIX,HUEPABLU,2024-07-01
HUECKSIX,HUEPABLU,2024-07-29
HUECKSIX,HUEPABLU,2024-08-26
HUECKSIX,HUEPABLU,2024-09-23
HUECKSIX,HUEPABLU,2024-10-21
HUECKSIX,HUEPABLU,2024-11-18
HUECKSIX,HUEPABLU,2024-12-16

HUECKONE,HUEGRGRE,2024-01-08
HUECKONE,HUEGRGRE,2024-03-18
HUECKONE,HUEGRGRE,2024-10-14

HUECKTWO,HUEGRGRE,2024-01-09
HUECKTWO,HUEGRGRE,2024-03-19
HUECKTWO,HUEGRGRE,2024-10-15

HUECKTHR,HUEGRGRE,2024-01-10
HUECKTHR,HUEGRGRE,2024-03-20
HUECKTHR,HUEGRGRE,2024-10-16

HUECKFOU,HUEGRGRE,2024-01-11
HUECKFOU,HUEGRGRE,2024-03-21
HUECKFOU,HUEGRGRE,2024-10-17

HUECKFIV,HUEGRGRE,2024-01-12
HUECKFIV,HUEGRGRE,2024-03-22
HUECKFIV,HUEGRGRE,2024-10-18

HUECKSIX,HUEGRGRE,2024-01-12
HUECKSIX,HUEGRGRE,2024-03-22
HUECKSIX,HUEGRGRE,2024-10-18

HUECKONE,HUELEYEL,2024-01-04
HUECKONE,HUELEYEL,2024-01-17
HUECKONE,HUELEYEL,2024-01-31
HUECKONE,HUELEYEL,2024-02-15
HUECKONE,HUELEYEL,2024-02-28
HUECKONE,HUELEYEL,2024-03-13
HUECKONE,HUELEYEL,2024-03-27
HUECKONE,HUELEYEL,2024-04-10
HUECKONE,HUELEYEL,2024-04-24
HUECKONE,HUELEYEL,2024-05-08
HUECKONE,HUELEYEL,2024-05-23
HUECKONE,HUELEYEL,2024-06-05
HUECKONE,HUELEYEL,2024-06-19
HUECKONE,HUELEYEL,2024-07-03
HUECKONE,HUELEYEL,2024-07-17
HUECKONE,HUELEYEL,2024-07-31
HUECKONE,HUELEYEL,2024-08-14
HUECKONE,HUELEYEL,2024-08-28
HUECKONE,HUELEYEL,2024-09-11
HUECKONE,HUELEYEL,2024-09-25
HUECKONE,HUELEYEL,2024-10-09
HUECKONE,HUELEYEL,2024-10-23
HUECKONE,HUELEYEL,2024-11-06
HUECKONE,HUELEYEL,2024-11-20
HUECKONE,HUELEYEL,2024-12-04
HUECKONE,HUELEYEL,2024-12-18

HUECKFIV,HUELEYEL,2024-01-04
HUECKFIV,HUELEYEL,2024-01-17
HUECKFIV,HUELEYEL,2024-01-31
HUECKFIV,HUELEYEL,2024-02-15
HUECKFIV,HUELEYEL,2024-02-28
HUECKFIV,HUELEYEL,2024-03-13
HUECKFIV,HUELEYEL,2024-03-27
HUECKFIV,HUELEYEL,2024-04-10
HUECKFIV,HUELEYEL,2024-04-24
HUECKFIV,HUELEYEL,2024-05-08
HUECKFIV,HUELEYEL,2024-05-23
HUECKFIV,HUELEYEL,2024-06-05
HUECKFIV,HUELEYEL,2024-06-19
HUECKFIV,HUELEYEL,2024-07-03
HUECKFIV,HUELEYEL,2024-07-17
HUECKFIV,HUELEYEL,2024-07-31
HUECKFIV,HUELEYEL,2024-08-14
HUECKFIV,HUELEYEL,2024-08-28
HUECKFIV,HUELEYEL,2024-09-11
HUECKFIV,HUELEYEL,2024-09-25
HUECKFIV,HUELEYEL,2024-10-09
HUECKFIV,HUELEYEL,2024-10-23
HUECKFIV,HUELEYEL,2024-11-06
HUECKFIV,HUELEYEL,2024-11-20
HUECKFIV,HUELEYEL,2024-12-04
HUECKFIV,HUELEYEL,2024-12-18

HUECKSIX,HUELEYEL,2024-01-04
HUECKSIX,HUELEYEL,2024-01-17
HUECKSIX,HUELEYEL,2024-01-31
HUECKSIX,HUELEYEL,2024-02-15
HUECKSIX,HUELEYEL,2024-02-28
HUECKSIX,HUELEYEL,2024-03-13
HUECKSIX,HUELEYEL,2024-03-27
HUECKSIX,HUELEYEL,2024-04-10
HUECKSIX,HUELEYEL,2024-04-24
HUECKSIX,HUELEYEL,2024-05-08
HUECKSIX,HUELEYEL,2024-05-23
HUECKSIX,HUELEYEL,2024-06-05
HUECKSIX,HUELEYEL,2024-06-19
HUECKSIX,HUELEYEL,2024-07-03
HUECKSIX,HUELEYEL,2024-07-17
HUECKSIX,HUELEYEL,2024-07-31
HUECKSIX,HUELEYEL,2024-08-14
HUECKSIX,HUELEYEL,2024-08-28
HUECKSIX,HUELEYEL,2024-09-11
HUECKSIX,HUELEYEL,2024-09-25
HUECKSIX,HUELEYEL,2024-10-09
HUECKSIX,HUELEYEL,2024-10-23
HUECKSIX,HUELEYEL,2024-11-06
HUECKSIX,HUELEYEL,2024-11-20
HUECKSIX,HUELEYEL,2024-12-04
HUECKSIX,HUELEYEL,2024-12-18

HUECKTWO,HUELEYEL,2024-01-03
HUECKTWO,HUELEYEL,2024-01-16
HUECKTWO,HUELEYEL,2024-01-30
HUECKTWO,HUELEYEL,2024-02-14
HUECKTWO,HUELEYEL,2024-02-27
HUECKTWO,HUELEYEL,2024-03-12
HUECKTWO,HUELEYEL,2024-03-26
HUECKTWO,HUELEYEL,2024-04-09
HUECKTWO,HUELEYEL,2024-04-23
HUECKTWO,HUELEYEL,2024-05-07
HUECKTWO,HUELEYEL,2024-05-22
HUECKTWO,HUELEYEL,2024-06-04
HUECKTWO,HUELEYEL,2024-06-18
HUECKTWO,HUELEYEL,2024-07-02
HUECKTWO,HUELEYEL,2024-07-16
HUECKTWO,HUELEYEL,2024-07-30
HUECKTWO,HUELEYEL,2024-08-13
HUECKTWO,HUELEYEL,2024-08-27
HUECKTWO,HUELEYEL,2024-09-10
HUECKTWO,HUELEYEL,2024-09-24
HUECKTWO,HUELEYEL,2024-10-08
HUECKTWO,HUELEYEL,2024-10-22
HUECKTWO,HUELEYEL,2024-11-05
HUECKTWO,HUELEYEL,2024-11-19
HUECKTWO,HUELEYEL,2024-12-03
HUECKTWO,HUELEYEL,2024-12-17

HUECKFOU,HUELEYEL,2024-01-03
HUECKFOU,HUELEYEL,2024-01-16
HUECKFOU,HUELEYEL,2024-01-30
HUECKFOU,HUELEYEL,2024-02-14
HUECKFOU,HUELEYEL,2024-02-27
HUECKFOU,HUELEYEL,2024-03-12
HUECKFOU,HUELEYEL,2024-03-26
HUECKFOU,HUELEYEL,2024-04-09
HUECKFOU,HUELEYEL,2024-04-23
HUECKFOU,HUELEYEL,2024-05-07
HUECKFOU,HUELEYEL,2024-05-22
HUECKFOU,HUELEYEL,2024-06-04
HUECKFOU,HUELEYEL,2024-06-18
HUECKFOU,HUELEYEL,2024-07-02
HUECKFOU,HUELEYEL,2024-07-16
HUECKFOU,HUELEYEL,2024-07-30
HUECKFOU,HUELEYEL,2024-08-13
HUECKFOU,HUELEYEL,2024-08-27
HUECKFOU,HUELEYEL,2024-09-10
HUECKFOU,HUELEYEL,2024-09-24
HUECKFOU,HUELEYEL,2024-10-08
HUECKFOU,HUELEYEL,2024-10-22
HUECKFOU,HUELEYEL,2024-11-05
HUECKFOU,HUELEYEL,2024-11-19
HUECKFOU,HUELEYEL,2024-12-03
HUECKFOU,HUELEYEL,2024-12-17

HUECKTHR,HUELEYEL,2024-01-05
HUECKTHR,HUELEYEL,2024-01-18
HUECKTHR,HUELEYEL,2024-02-01
HUECKTHR,HUELEYEL,2024-02-16
HUECKTHR,HUELEYEL,2024-02-29
HUECKTHR,HUELEYEL,2024-03-14
HUECKTHR,HUELEYEL,2024-03-28
HUECKTHR,HUELEYEL,2024-04-11
HUECKTHR,HUELEYEL,2024-04-25
HUECKTHR,HUELEYEL,2024-05-10
HUECKTHR,HUELEYEL,2024-05-24
HUECKTHR,HUELEYEL,2024-06-06
HUECKTHR,HUELEYEL,2024-06-20
HUECKTHR,HUELEYEL,2024-07-04
HUECKTHR,HUELEYEL,2024-07-18
HUECKTHR,HUELEYEL,2024-08-01
HUECKTHR,HUELEYEL,2024-08-15
HUECKTHR,HUELEYEL,2024-08-29
HUECKTHR,HUELEYEL,2024-09-12
HUECKTHR,HUELEYEL,2024-09-26
HUECKTHR,HUELEYEL,2024-10-10
HUECKTHR,HUELEYEL,2024-10-24
HUECKTHR,HUELEYEL,2024-11-07
HUECKTHR,HUELEYEL,2024-11-21
HUECKTHR,HUELEYEL,2024-12-05
HUECKTHR,HUELEYEL,2024-12-19

HUECKONE,HUESCTOX,2024-01-06
HUECKONE,HUESCTOX,2024-02-03
HUECKONE,HUESCTOX,2024-03-02
HUECKONE,HUESCTOX,2024-04-06
HUECKONE,HUESCTOX,2024-05-04
HUECKONE,HUESCTOX,2024-06-01
HUECKONE,HUESCTOX,2024-07-06
HUECKONE,HUESCTOX,2024-08-03
HUECKONE,HUESCTOX,2024-09-07
HUECKONE,HUESCTOX,2024-09-28
HUECKONE,HUESCTOX,2024-11-02
HUECKONE,HUESCTOX,2024-12-07

HUECKTWO,HUESCTOX,2024-01-06
HUECKTWO,HUESCTOX,2024-02-03
HUECKTWO,HUESCTOX,2024-03-02
HUECKTWO,HUESCTOX,2024-04-06
HUECKTWO,HUESCTOX,2024-05-04
HUECKTWO,HUESCTOX,2024-06-01
HUECKTWO,HUESCTOX,2024-07-06
HUECKTWO,HUESCTOX,2024-08-03
HUECKTWO,HUESCTOX,2024-09-07
HUECKTWO,HUESCTOX,2024-09-28
HUECKTWO,HUESCTOX,2024-11-02
HUECKTWO,HUESCTOX,2024-12-07

HUECKTHR,HUESCTOX,2024-01-06
HUECKTHR,HUESCTOX,2024-02-03
HUECKTHR,HUESCTOX,2024-03-02
HUECKTHR,HUESCTOX,2024-04-06
HUECKTHR,HUESCTOX,2024-05-04
HUECKTHR,HUESCTOX,2024-06-01
HUECKTHR,HUESCTOX,2024-07-06
HUECKTHR,HUESCTOX,2024-08-03
HUECKTHR,HUESCTOX,2024-09-07
HUECKTHR,HUESCTOX,2024-09-28
HUECKTHR,HUESCTOX,2024-11-02
HUECKTHR,HUESCTOX,2024-12-07

HUECKFOU,HUESCTOX,2024-01-06
HUECKFOU,HUESCTOX,2024-02-03
HUECKFOU,HUESCTOX,2024-03-02
HUECKFOU,HUESCTOX,2024-04-06
HUECKFOU,HUESCTOX,2024-05-04
HUECKFOU,HUESCTOX,2024-06-01
HUECKFOU,HUESCTOX,2024-07-06
HUECKFOU,HUESCTOX,2024-08-03
HUECKFOU,HUESCTOX,2024-09-07
HUECKFOU,HUESCTOX,2024-09-28
HUECKFOU,HUESCTOX,2024-11-02
HUECKFOU,HUESCTOX,2024-12-07

HUECKFIV,HUESCTOX,2024-01-06
HUECKFIV,HUESCTOX,2024-02-03
HUECKFIV,HUESCTOX,2024-03-02
HUECKFIV,HUESCTOX,2024-04-06
HUECKFIV,HUESCTOX,2024-05-04
HUECKFIV,HUESCTOX,2024-06-01
HUECKFIV,HUESCTOX,2024-07-06
HUECKFIV,HUESCTOX,2024-08-03
HUECKFIV,HUESCTOX,2024-09-07
HUECKFIV,HUESCTOX,2024-09-28
HUECKFIV,HUESCTOX,2024-11-02
HUECKFIV,HUESCTOX,2024-12-07

HUECKSIX,HUESCTOX,2024-01-06
HUECKSIX,HUESCTOX,2024-02-03
HUECKSIX,HUESCTOX,2024-03-02
HUECKSIX,HUESCTOX,2024-04-06
HUECKSIX,HUESCTOX,2024-05-04
HUECKSIX,HUESCTOX,2024-06-01
HUECKSIX,HUESCTOX,2024-07-06
HUECKSIX,HUESCTOX,2024-08-03
HUECKSIX,HUESCTOX,2024-09-07
HUECKSIX,HUESCTOX,2024-09-28
HUECKSIX,HUESCTOX,2024-11-02
HUECKSIX,HUESCTOX,2024-12-07